{
  "Ansi 5 Color" : {
    "Green Component" : 0,
    "Red Component" : 0.95683503150939941,
    "Blue Component" : 0.3728577196598053
  },
  "Working Directory" : "\/Users\/yanzhang",
  "Prompt Before Closing 2" : false,
  "Selected Text Color" : {
    "Green Component" : 0.77144092321395874,
    "Red Component" : 0.76960963010787964,
    "Blue Component" : 0.70993047952651978
  },
  "Rows" : 40,
  "Ansi 11 Color" : {
    "Green Component" : 0.83635991811752319,
    "Red Component" : 0.87748134136199951,
    "Blue Component" : 0.38154411315917969
  },
  "Use Italic Font" : true,
  "Foreground Color" : {
    "Green Component" : 0.77144092321395874,
    "Red Component" : 0.76960963010787964,
    "Blue Component" : 0.70993047952651978
  },
  "Right Option Key Sends" : 0,
  "Show Status Bar" : false,
  "Character Encoding" : 4,
  "Selection Color" : {
    "Green Component" : 0.20520767569541931,
    "Red Component" : 0.20521381497383118,
    "Blue Component" : 0.20521116256713867
  },
  "Blend" : 0.050000000000000003,
  "Mouse Reporting" : true,
  "Ansi 4 Color" : {
    "Green Component" : 0.39599207043647766,
    "Red Component" : 0.61468899250030518,
    "Blue Component" : 0.99877572059631348
  },
  "Non-ASCII Anti Aliased" : true,
  "Sync Title" : false,
  "Disable Window Resizing" : true,
  "Description" : "Default",
  "Close Sessions On End" : true,
  "Jobs to Ignore" : [
    "rlogin",
    "ssh",
    "slogin",
    "telnet"
  ],
  "Scrollback Lines" : 1000,
  "Draw Powerline Glyphs" : false,
  "Status Bar Layout" : {
    "components" : [

    ],
    "advanced configuration" : {
      "remove empty components" : false,
      "font" : ".AppleSystemUIFont 12",
      "algorithm" : 0,
      "auto-rainbow style" : 0
    }
  },
  "Brighten Bold Text" : true,
  "Flashing Bell" : false,
  "Cursor Guide Color" : {
    "Red Component" : 0.70213186740875244,
    "Color Space" : "sRGB",
    "Blue Component" : 1,
    "Alpha Component" : 0.25,
    "Green Component" : 0.9268307089805603
  },
  "BM Growl" : true,
  "Ansi 3 Color" : {
    "Green Component" : 0.51805692911148071,
    "Red Component" : 0.98094809055328369,
    "Blue Component" : 0.099807053804397583
  },
  "Icon" : 1,
  "Use Non-ASCII Font" : false,
  "Link Color" : {
    "Red Component" : 0,
    "Color Space" : "sRGB",
    "Blue Component" : 0.73423302173614502,
    "Alpha Component" : 1,
    "Green Component" : 0.35916060209274292
  },
  "Shortcut" : "",
  "Bold Color" : {
    "Green Component" : 0.77144092321395874,
    "Red Component" : 0.76960963010787964,
    "Blue Component" : 0.70993047952651978
  },
  "Unlimited Scrollback" : false,
  "Custom Command" : "No",
  "Title Components" : 3,
  "Keyboard Map" : {
    "0x46-0x60000-0x3" : {
      "Label" : "",
      "Text" : "",
      "Action" : 8
    },
    "0x59-0x60000-0x10" : {
      "Label" : "",
      "Text" : "",
      "Action" : 7
    },
    "0xf700-0x260000-0x7e" : {
      "Label" : "",
      "Action" : 55,
      "Text" : ""
    },
    "0x7b-0x60000-0x21" : {
      "Label" : "",
      "Action" : 2,
      "Text" : ""
    },
    "0xf703-0x260000-0x7c" : {
      "Label" : "",
      "Action" : 54,
      "Text" : ""
    },
    "0xf702-0x260000-0x7b" : {
      "Label" : "",
      "Action" : 53,
      "Text" : ""
    },
    "0x7d-0x60000-0x1e" : {
      "Label" : "",
      "Action" : 0,
      "Text" : ""
    },
    "0x48-0x60000-0x4" : {
      "Label" : "",
      "Action" : 18,
      "Text" : ""
    },
    "0x4c-0x60000-0x25" : {
      "Label" : "",
      "Action" : 19,
      "Text" : ""
    },
    "0xf701-0x260000-0x7d" : {
      "Label" : "",
      "Action" : 56,
      "Text" : ""
    },
    "0x4b-0x60000-0x28" : {
      "Label" : "",
      "Action" : 20,
      "Text" : ""
    },
    "0x42-0x60000-0xb" : {
      "Label" : "",
      "Text" : "",
      "Action" : 9
    },
    "0x45-0x60000-0xe" : {
      "Label" : "",
      "Text" : "",
      "Action" : 6
    },
    "0x5f-0x60000-0x1b" : {
      "Label" : "",
      "Action" : 28,
      "Text" : "E7332E4C-E360-47DB-AABA-7DFFDE7E32A9"
    },
    "0x4a-0x60000-0x26" : {
      "Label" : "",
      "Action" : 21,
      "Text" : ""
    },
    "0x7c-0x60000-0x2a" : {
      "Label" : "",
      "Action" : 29,
      "Text" : "E7332E4C-E360-47DB-AABA-7DFFDE7E32A9"
    }
  },
  "Ansi 14 Color" : {
    "Green Component" : 0.81977206468582153,
    "Red Component" : 0.34416967630386353,
    "Blue Component" : 0.92060363292694092
  },
  "Ansi 2 Color" : {
    "Green Component" : 0.87921047210693359,
    "Red Component" : 0.59473341703414917,
    "Blue Component" : 0.14004382491111755
  },
  "Background Image Is Tiled" : false,
  "Send Code When Idle" : false,
  "ASCII Anti Aliased" : true,
  "Tags" : [

  ],
  "Ansi 9 Color" : {
    "Green Component" : 0,
    "Red Component" : 0.95683503150939941,
    "Blue Component" : 0.3728577196598053
  },
  "Use Bold Font" : true,
  "Silence Bell" : true,
  "Ansi 12 Color" : {
    "Green Component" : 0.39599207043647766,
    "Red Component" : 0.61468899250030518,
    "Blue Component" : 0.99877572059631348
  },
  "Window Type" : 0,
  "Use Bright Bold" : true,
  "Cursor Text Color" : {
    "Green Component" : 0.77144092321395874,
    "Red Component" : 0.76960963010787964,
    "Blue Component" : 0.70993047952651978
  },
  "Default Bookmark" : "No",
  "Cursor Color" : {
    "Green Component" : 0.96674919128417969,
    "Red Component" : 0.96554505825042725,
    "Blue Component" : 0.92647796869277954
  },
  "Ansi 1 Color" : {
    "Green Component" : 0,
    "Red Component" : 0.95683503150939941,
    "Blue Component" : 0.3728577196598053
  },
  "Name" : "r0cky",
  "Blinking Cursor" : false,
  "Guid" : "E7332E4C-E360-47DB-AABA-7DFFDE7E32A9",
  "Idle Code" : 0,
  "Ansi 10 Color" : {
    "Green Component" : 0.87921047210693359,
    "Red Component" : 0.59473341703414917,
    "Blue Component" : 0.14004382491111755
  },
  "Ansi 8 Color" : {
    "Green Component" : 0.36959609389305115,
    "Red Component" : 0.3829454779624939,
    "Blue Component" : 0.29652142524719238
  },
  "Badge Color" : {
    "Red Component" : 1,
    "Color Space" : "sRGB",
    "Blue Component" : 0,
    "Alpha Component" : 0.5,
    "Green Component" : 0.1491314172744751
  },
  "Ambiguous Double Width" : false,
  "Blur Radius" : 9.0022853890645127,
  "Background Image Mode" : 3,
  "Cursor Type" : 2,
  "Ansi 0 Color" : {
    "Green Component" : 0.10051288455724716,
    "Red Component" : 0.10051589459180832,
    "Blue Component" : 0.10051459074020386
  },
  "Blur" : true,
  "Normal Font" : "HackNerdFontCompleteM-Regular 13",
  "Application Keypad Allowed" : false,
  "Vertical Spacing" : 1,
  "Ansi 7 Color" : {
    "Green Component" : 0.77144092321395874,
    "Red Component" : 0.76960963010787964,
    "Blue Component" : 0.70993047952651978
  },
  "Space" : 0,
  "Command" : "",
  "Terminal Type" : "xterm-256color",
  "Horizontal Spacing" : 1,
  "Option Key Sends" : 0,
  "Only The Default BG Color Uses Transparency" : false,
  "Blink Allowed" : true,
  "Minimum Contrast" : 0,
  "Ansi 15 Color" : {
    "Green Component" : 0.96549534797668457,
    "Red Component" : 0.96537256240844727,
    "Blue Component" : 0.9359474778175354
  },
  "Ansi 6 Color" : {
    "Green Component" : 0.81977206468582153,
    "Red Component" : 0.34416967630386353,
    "Blue Component" : 0.92060363292694092
  },
  "Transparency" : 0.03538730267396907,
  "Background Color" : {
    "Green Component" : 0.10051288455724716,
    "Red Component" : 0.10051589459180832,
    "Blue Component" : 0.10051459074020386
  },
  "Screen" : -1,
  "Bound Hosts" : [

  ],
  "Non Ascii Font" : "SauceCodePowerline-Regular 12",
  "Ansi 13 Color" : {
    "Green Component" : 0,
    "Red Component" : 0.95683503150939941,
    "Blue Component" : 0.3728577196598053
  },
  "Use Tab Color" : false,
  "Columns" : 120,
  "Visual Bell" : false,
  "Custom Directory" : "No",
  "ASCII Ligatures" : false,
  "Thin Strokes" : 0
}